{"Alabama":7.9918867925,"Virginia":7.9918867925,"Utah":7.9918867925,"Texas":7.9918867925,"Tennessee":7.9918867925,"South Carolina":7.9918867925,"Puerto Rico":7.9918867925,"Oklahoma":7.9918867925,"North Dakota":7.9918867925,"Mississippi":7.9918867925,"Georgia":7.9918867925,"Louisiana":7.9918867925,"Kentucky":7.9918867925,"Idaho":7.9918867925,"Kansas":7.9918867925,"Indiana":7.9918867925,"Wyoming":8.0054716981,"North Carolina":8.0222641509,"Nevada":8.0533962264,"Pennsylvania":8.0609433962,"Wisconsin":8.0788679245,"Minnesota":8.0960377358,"Iowa":8.1211320755,"Montana":8.1296226415,"New Mexico":8.1411320755,"New Hampshire":8.1532075472,"Nebraska":8.1783018868,"South Dakota":8.1809433962,"Missouri":8.1809433962,"Arkansas":8.1866037736,"Ohio":8.1947169811,"West Virginia":8.2018867925,"U.S. Virgin Islands":8.2111320755,"Florida":8.2473584906,"Maryland":8.300754717,"Michigan":8.3483018868,"Guam":8.3605660377,"Colorado":8.4324528302,"Arizona":8.4358490566,"Delaware":8.4547169811,"Illinois":8.4618867925,"New Jersey":8.5688679245,"Maine":8.7169811321,"Hawaii":8.800754717,"New York":8.8320754717,"Rhode Island":8.9224528302,"Vermont":9.0573584906,"California":9.1613207547,"Connecticut":9.2128301887,"Oregon":9.2218867925,"Massachusetts":9.2624528302,"District of Columbia":9.2954716981,"Washington":9.4020754717,"Alaska":9.9177358491}